Workbook
Name RiskDomains: Reference!$A$2:$A$11
Name RiskScores: Reference!$C$1:$C$6

Sheet Risk Register
A1: Risk ID | B1: Risk Domain | C1: Business Process | D1: Asset/System | E1: Risk Statement | F1: Threat/Cause | G1: Likelihood | H1: Impact | I1: Inherent Risk Score | J1: Risk Rating | K1: Existing Controls | L1: Control Gap | M1: Recommendation | N1: Risk Owner
A3: R-001 | B3: Identity & Access Management | C3: Customer Login & Authentication | D3: Authentication & MFA Service / Customer Brokerage Account | E3: Unauthorized users may gain access to customer brokerage accounts if customer credentials or authentication mechanisms are compromised, potentially resulting in fraudulent trades, unauthorized withdrawals, or exposure of sensitive customer information. | F3: Phishing, credential theft, credential stuffing, compromised passwords | G3: 4 | H3: 5 | I3: =G3*H3 -> 20 | J3: =IF(I3<=4,"Low",IF(I3<=9,"Moderate",IF(I3<=16,"High","Critical"))) -> Critical | K3: MFA for customer authentication; failed-login lockout; suspicious-login monitoring | L3: Step-up authentication is not consistently required for high-risk account changes such as adding a new bank account or modifying customer contact information. | M3: Require step-up MFA or additional identity verification for high-risk account changes and unusual withdrawal activity. | N3: Information Security / Brokerage Operations
A4: R-002 | B4: Transaction & Fraud Controls | C4: Bank Account Changes & Withdrawals | D4: Brokerage Core Platform / Bank-ACH Processor / Customer Brokerage Account | E4: Unauthorized users may add or modify linked bank accounts and initiate fraudulent withdrawals, potentially resulting in customer financial losses, reimbursement costs, regulatory exposure, and reputational damage. | F4: Account takeover, compromised credentials, social engineering, unauthorized bank-account changes | G4: 4 | H4: 5 | I4: =G4*H4 -> 20 | J4: =IF(I4<=4,"Low",IF(I4<=9,"Moderate",IF(I4<=16,"High","Critical"))) -> Critical | K4: Customer notifications for bank-account changes; withdrawal transaction monitoring; withdrawal limits; bank-account ownership verification | L4: Step-up authentication is not required before adding a new external bank account, and withdrawals may be initiated shortly after the account change. | M4: Require step-up MFA and bank-account ownership verification for new external accounts and implement additional review or temporary withdrawal restrictions following high-risk bank-account changes. | N4: Fraud Risk / Brokerage Operations / Information Security
A5: R-003 | B5: Identity & Access Management | C5: Employee & Privileged Access Management | D5: Employee Admin Portal / Brokerage Core Platform / Customer Account Database | E5: Employees or administrators may retain excessive or inappropriate access to customer accounts and critical brokerage systems, potentially enabling unauthorized changes, exposure of sensitive information, fraud, or circumvention of internal controls. | F5: Excessive permissions, stale accounts, improper role changes, delayed account termination | G5: 3 | H5: 5 | I5: =G5*H5 -> 15 | J5: =IF(I5<=4,"Low",IF(I5<=9,"Moderate",IF(I5<=16,"High","Critical"))) -> High | K5: Role-based access control (RBAC); MFA for employee access; manager approval for privileged access; termination-based account deactivation; privileged activity logging | L5: Periodic access reviews are not performed consistently, increasing the risk that employees who change roles or leave the organization may retain unnecessary or privileged access. | M5: Perform quarterly user-access reviews, automate account deactivation for terminated employees, and require documented approval for new or elevated privileged access. | N5: Identity & Access Management / IT Operations
A6: R-004 | B6: Logging & Monitoring | C6: Security Monitoring & Incident Detection | D6: Security Logging & Monitoring / Authentication & MFA / Employee Admin Portal / Brokerage Core Platform | E6: Security-relevant activity may not be logged, retained, or reviewed adequately, potentially delaying detection of account compromise, employee misuse, fraudulent activity, or other security incidents. | F6: Incomplete logging, inadequate alerting, insufficient log review, improper log retention | G6: 3 | H6: 4 | I6: =G6*H6 -> 12 | J6: =IF(I6<=4,"Low",IF(I6<=9,"Moderate",IF(I6<=16,"High","Critical"))) -> High | K6: Centralized security logging; automated alerts for suspicious activity; authentication logs; administrative activity logs; defined log-retention requirements | L6: Logging coverage is inconsistent across critical systems, and alerts for high-risk administrative and customer-account activity are not reviewed within a defined timeframe. | M6: Ensure critical systems send security and administrative activity logs to centralized monitoring, define alert thresholds for high-risk events, and establish documented review and escalation timeframes. | N6: Information Security / Security Operations
A7: R-005 | B7: Trade Processing & Operations | C7: Trade Order Processing & Execution | D7: Brokerage Core Platform / Order Management System / Trade Execution Provider | E7: Trade orders may be duplicated, incorrectly processed, rejected without proper handling, or inaccurately recorded due to system, interface, or processing failures, potentially resulting in incorrect customer positions, financial losses, customer complaints, or operational and regulatory exposure. | F7: System errors, interface failures, duplicate order submission, processing errors, inaccurate execution data | G7: 3 | H7: 5 | I7: =G7*H7 -> 15 | J7: =IF(I7<=4,"Low",IF(I7<=9,"Moderate",IF(I7<=16,"High","Critical"))) -> High | K7: Pre-trade order validation; duplicate-order prevention; execution confirmations; order-status monitoring; daily trade reconciliation; exception reporting | L7: Trade execution records are not reconciled to internal order records in near real time, increasing the risk that failed, duplicated, or incorrectly recorded trades may not be identified promptly. | M7: Implement automated reconciliation between the Order Management System and Trade Execution Provider, generate alerts for unmatched or duplicate transactions, and establish documented procedures for timely investigation and resolution of trade exceptions. | N7: Trading Operations / Brokerage Operations / Technology
A8: R-006 | B8: Data Protection & Privacy | C8: Customer Data Storage & Access | D8: Customer Account Database / Employee Admin Portal / Brokerage Core Platform | E8: Sensitive customer information may be exposed, accessed by unauthorized individuals, or improperly disclosed due to inadequate data-protection controls, potentially resulting in identity theft, financial fraud, regulatory exposure, customer harm, and reputational damage. | F8: Unauthorized access, excessive employee permissions, database compromise, improper data handling, unencrypted or insufficiently protected sensitive information | G8: 3 | H8: 5 | I8: =G8*H8 -> 15 | J8: =IF(I8<=4,"Low",IF(I8<=9,"Moderate",IF(I8<=16,"High","Critical"))) -> High | K8: Encryption at rest and in transit; role-based access controls; sensitive-data masking; database access logging; MFA for employee access | L8: Customer-support personnel can view certain sensitive customer information in full even when the information is not required to perform routine support responsibilities. | M8: Mask sensitive customer information by default, restrict access to full data based on documented business need, and log and periodically review instances where employees access unmasked sensitive information. | N8: Information Security / Data Protection / Brokerage Operations
A9: R-007 | B9: Change Management | C9: Application & Production Change Management | D9: Web / Mobile Application / Brokerage Core Platform / Order Management System | E9: Unauthorized, inadequately tested, or improperly implemented system changes may disrupt critical brokerage operations, introduce security vulnerabilities, or result in inaccurate customer and transaction data. | F9: Insufficient testing, unauthorized changes, inadequate approvals, configuration errors, failed deployments | G9: 3 | H9: 5 | I9: =G9*H9 -> 15 | J9: =IF(I9<=4,"Low",IF(I9<=9,"Moderate",IF(I9<=16,"High","Critical"))) -> High | K9: Documented change requests; management approval; pre-production testing; separation of development and production access; rollback procedures; emergency change process | L9: Emergency production changes may be implemented before independent approval and are not consistently subjected to documented post-implementation review. | M9: Require documented post-implementation review and independent approval for emergency changes, including validation of testing results, business impact, and rollback readiness. | N9: Technology / Application Development / Change Management
A10: R-008 | B10: Third-Party Risk | C10: Third-Party Service Management | D10: Cloud Service Provider / Bank-ACH Processor / Identity Verification Provider / Trade Execution Provider | E10: Critical third-party service providers may experience security incidents, operational failures, or service outages that disrupt A.U. Securities' brokerage operations, expose sensitive information, or affect the processing of customer transactions. | F10: Vendor security breach, service outage, inadequate vendor controls, concentration risk, weak third-party oversight | G10: 3 | H10: 5 | I10: =G10*H10 -> 15 | J10: =IF(I10<=4,"Low",IF(I10<=9,"Moderate",IF(I10<=16,"High","Critical"))) -> High | K10: Pre-contract vendor due diligence; contractual security requirements; service-level agreements; periodic vendor assessments; SOC report review; incident-notification requirements | L10: Critical vendors are not consistently classified by risk level, and periodic reassessments are not completed for all providers that support sensitive data or critical brokerage operations. | M10: Implement a formal third-party risk-tiering process, require periodic reassessments of critical vendors, document review of independent control reports, and establish remediation and escalation procedures for identified vendor-control weaknesses. | N10: Third-Party Risk / Technology / Procurement
A11: R-009 | B11: Business Continuity & Resilience | C11: Business Continuity & Disaster Recovery | D11: Cloud / Infrastructure / Brokerage Core Platform / Customer Account Database / Backup & Disaster Recovery | E11: Critical brokerage systems may become unavailable or customer and transaction data may be unrecoverable following a system failure, cloud-service outage, cyber incident, or other disruption, potentially preventing customers from accessing accounts or completing brokerage transactions. | F11: Cloud outage, hardware or system failure, corrupted data, inadequate backups, unsuccessful disaster recovery | G11: 3 | H11: 5 | I11: =G11*H11 -> 15 | J11: =IF(I11<=4,"Low",IF(I11<=9,"Moderate",IF(I11<=16,"High","Critical"))) -> High | K11: Automated backups; redundant infrastructure; disaster-recovery environment; system availability monitoring; documented business continuity and disaster-recovery plans | L11: Disaster-recovery testing is performed inconsistently and does not fully validate the recovery of critical brokerage processes, customer data, and dependencies on third-party service providers. | M11: Establish defined recovery time and recovery point objectives for critical systems, perform periodic end-to-end disaster-recovery testing, validate restoration of customer and transaction data, and include critical third-party dependencies in recovery exercises. | N11: Business Continuity / Technology / Brokerage Operations
A12: R-010 | B12: Trade Processing & Operations | C12: Transaction Reconciliation & Account Records | D12: Brokerage Core Platform / Customer Account Database / Order Management System / Bank-ACH Processor | E12: Differences between internal brokerage records and external transaction records may not be identified or resolved promptly, potentially resulting in inaccurate customer balances, incorrect positions, transaction errors, or financial reporting issues. | F12: Interface errors, delayed transaction updates, failed data transfers, inaccurate records, unreconciled exceptions | G12: 2 | H12: 4 | I12: =G12*H12 -> 8 | J12: =IF(I12<=4,"Low",IF(I12<=9,"Moderate",IF(I12<=16,"High","Critical"))) -> Moderate | K12: Daily transaction reconciliation; automated exception reports; trade execution confirmations; bank transaction matching; supervisory review of unresolved exceptions | L12: Certain reconciliation exceptions may remain unresolved beyond established review periods, and escalation requirements for aging exceptions are not consistently documented. | M12: Establish documented escalation thresholds for unresolved reconciliation exceptions, track exception aging, and require supervisory review of material or overdue differences. | N12: Brokerage Operations / Finance Operations
A13: R-011 | B13: Vulnerability & Patch Management | C13: Vulnerability Identification & Remediation | D13: Web / Mobile Application / Cloud Infrastructure / Brokerage Core Platform | E13: Security vulnerabilities in critical brokerage systems may not be identified or remediated within appropriate timeframes, increasing the risk of unauthorized access, system compromise, data exposure, or disruption of brokerage operations. | F13: Unpatched software, outdated components, delayed remediation, configuration weaknesses, inadequate vulnerability scanning | G13: 3 | H13: 4 | I13: =G13*H13 -> 12 | J13: =IF(I13<=4,"Low",IF(I13<=9,"Moderate",IF(I13<=16,"High","Critical"))) -> High | K13: Automated vulnerability scanning; security patching procedures; remediation deadlines based on severity; configuration reviews; vulnerability tracking | L13: Establish formal escalation procedures for overdue high-risk vulnerabilities, require documented remediation or approved risk acceptance, and provide management with periodic reporting on outstanding vulnerabilities. | M13: Information Security / Technology Operations | N13: Information Security / Technology Operations
A14: R-012 | B14: Market Data & Customer Experience | C14: Customer Market Data Display | D14: Web / Mobile Application / Market Data Provider | E14: Temporary delays or inaccuracies in customer-facing market data may cause customers to view outdated quotes or pricing information, potentially creating confusion, customer complaints, or minor service issues. | F14: Delayed market-data feed, temporary API failure, stale cached pricing, display error | G14: 2 | H14: 2 | I14: =G14*H14 -> 4 | J14: =IF(I14<=4,"Low",IF(I14<=9,"Moderate",IF(I14<=16,"High","Critical"))) -> Low | K14: Redundant market-data feeds; timestamped quotes; automated feed-health monitoring; stale-data alerts | L14: Customer-facing applications do not consistently display a clear warning when market-data updates are temporarily delayed. | M14: Display visible stale-data indicators when market-data feeds are delayed and automatically alert technology operations when quote updates exceed established thresholds. | N14: Market Data Operations / Technology

Sheet Risk & Control Matrix
A1: Control ID | B1: Risk ID | C1: Risk Domain | D1: Control Objective | E1: Control Description | F1: Control Type | G1: Control Nature | H1: Frequency | I1: Control Owner | J1: Audit Procedure | K1: Evidence Required | L1: Design Assessment | M1: Control Gap
A2: C-001 | B2: R-001 | C2: =_xlfn.XLOOKUP(B2,'Risk Register'!$A:$A,'Risk Register'!$B:$B,"Not Found") -> Identity & Access Management | D2: Ensure only authorized customers can access brokerage accounts. | E2: Customers must complete system-enforced MFA before account access is granted. | F2: Preventative | G2: Automated | H2: Per Login | I2: Information Security/ IAM | J2: Check MFA settings and review a sample of customer logins to confirm MFA was required. | K2: MFA settings; login logs; sample login records | L2: Partially Effective | M2: =_xlfn.XLOOKUP(B2,'Risk Register'!$A:$A,'Risk Register'!$L:$L,"Not Found") -> Step-up authentication is not consistently required for high-risk account changes such as adding a new bank account or modifying customer contact information.
A3: C-002 | B3: R-002 | C3: =_xlfn.XLOOKUP(B3,'Risk Register'!$A:$A,'Risk Register'!$B:$B,"Not Found") -> Transaction & Fraud Controls | D3: Prevent unauthorized money movement to unverified bank accounts. | E3: New external bank accounts undergo ownership verification and customers receive notifications of bank-account changes. | F3: Preventative | G3: Automated | H3: Per Change | I3: Fraud Risk/ Brokerage Operations | J3: Review a sample of bank-account changes to confirm ownership checks and customer notifications were completed. | K3: Bank verification logs; account-change logs; customer notifications | L3: Partially Effective | M3: =_xlfn.XLOOKUP(B3,'Risk Register'!$A:$A,'Risk Register'!$L:$L,"Not Found") -> Step-up authentication is not required before adding a new external bank account, and withdrawals may be initiated shortly after the account change.
A4: C-003 | B4: R-003 | C4: =_xlfn.XLOOKUP(B4,'Risk Register'!$A:$A,'Risk Register'!$B:$B,"Not Found") -> Identity & Access Management | D4: Limit employee and administrator access to approved job responsibilities. | E4: RBAC, manager approval, termination deactivation, and periodic user-access reviews are used to manage privileged access. | F4: Detective | G4: IT-Dependent Manual | H4: Quarterly | I4: IAM / IT Operations | J4: Review employee access and confirm users only have appropriate permissions and terminated employees were removed. | K4: User-access list; access review records; termination report | L4: Partially Effective | M4: =_xlfn.XLOOKUP(B4,'Risk Register'!$A:$A,'Risk Register'!$L:$L,"Not Found") -> Periodic access reviews are not performed consistently, increasing the risk that employees who change roles or leave the organization may retain unnecessary or privileged access.
A5: C-004 | B5: R-004 | C5: =_xlfn.XLOOKUP(B5,'Risk Register'!$A:$A,'Risk Register'!$B:$B,"Not Found") -> Logging & Monitoring | D5: Detect and investigate suspicious activity across critical brokerage systems. | E5: Critical systems send authentication, administrative, and transaction activity to centralized security monitoring for alert review. | F5: Detective | G5: IT-Dependent Manual | H5: Continuous/Daily | I5: Security Operations | J5: Check which systems send logs to monitoring and review a sample of high-risk alerts to confirm they were investigated. | K5: SIEM source list; alert logs; investigation records | L5: Partially Effective | M5: =_xlfn.XLOOKUP(B5,'Risk Register'!$A:$A,'Risk Register'!$L:$L,"Not Found") -> Logging coverage is inconsistent across critical systems, and alerts for high-risk administrative and customer-account activity are not reviewed within a defined timeframe.
A6: C-005 | B6: R-005 | C6: =_xlfn.XLOOKUP(B6,'Risk Register'!$A:$A,'Risk Register'!$B:$B,"Not Found") -> Trade Processing & Operations | D6: Ensure trade orders are valid and not unintentionally duplicated before execution. | E6: The Order Management System performs automated order validation and duplicate-order checks before routing trades. | F6: Preventative | G6: Automated | H6: Per Transaction | I6: Trading Technology / Brokerage Operations | J6: Review trade-order controls and sample orders to confirm validation and duplicate-order checks worked. | K6: OMS settings; order logs; duplicate/rejected order records | L6: Partially Effective | M6: =_xlfn.XLOOKUP(B6,'Risk Register'!$A:$A,'Risk Register'!$L:$L,"Not Found") -> Trade execution records are not reconciled to internal order records in near real time, increasing the risk that failed, duplicated, or incorrectly recorded trades may not be identified promptly.
A7: C-006 | B7: R-006 | C7: =_xlfn.XLOOKUP(B7,'Risk Register'!$A:$A,'Risk Register'!$B:$B,"Not Found") -> Data Protection & Privacy | D7: Restrict unnecessary exposure of sensitive customer information. | E7: Sensitive customer fields are masked by default and access to full information is restricted by role and logged. | F7: Preventative | G7: Automated | H7: Continuous | I7: Information Security / Data Protection | J7: Review data-masking and employee-access settings to confirm sensitive customer data is restricted. | K7: Role/permission list; masking settings; access logs | L7: Partially Effective | M7: =_xlfn.XLOOKUP(B7,'Risk Register'!$A:$A,'Risk Register'!$L:$L,"Not Found") -> Customer-support personnel can view certain sensitive customer information in full even when the information is not required to perform routine support responsibilities.
A8: C-007 | B8: R-007 | C8: =_xlfn.XLOOKUP(B8,'Risk Register'!$A:$A,'Risk Register'!$B:$B,"Not Found") -> Change Management | D8: Ensure production changes are authorized, tested, and recoverable. | E8: Production changes require documented requests, testing, approval, and rollback procedures before deployment. | F8: Preventative | G8: IT-Dependent Manual | H8: Per Change | I8: Technology / Change Management | J8: Review a sample of system changes to confirm they were approved, tested, and had rollback plans before release. | K8: Change tickets; approvals; test results; deployment records | L8: Partially Effective | M8: =_xlfn.XLOOKUP(B8,'Risk Register'!$A:$A,'Risk Register'!$L:$L,"Not Found") -> Emergency production changes may be implemented before independent approval and are not consistently subjected to documented post-implementation review.
A9: C-008 | B9: R-008 | C9: =_xlfn.XLOOKUP(B9,'Risk Register'!$A:$A,'Risk Register'!$B:$B,"Not Found") -> Third-Party Risk | D9: Ensure critical third parties maintain appropriate operational and security controls. | E9: Vendors undergo risk-based due diligence, contractual review, and periodic assessment of control reports. | F9: Preventative | G9: Manual | H9: Onboarding/Annual | I9: Third-Party Risk / Procurement | J9: Review a sample of critical vendors to confirm due diligence and periodic risk reviews were completed. | K9: Vendor list; risk assessments; contracts; SOC reports | L9: Partially Effective | M9: =_xlfn.XLOOKUP(B9,'Risk Register'!$A:$A,'Risk Register'!$L:$L,"Not Found") -> Critical vendors are not consistently classified by risk level, and periodic reassessments are not completed for all providers that support sensitive data or critical brokerage operations.
A10: C-009 | B10: R-009 | C10: =_xlfn.XLOOKUP(B10,'Risk Register'!$A:$A,'Risk Register'!$B:$B,"Not Found") -> Business Continuity & Resilience | D10: Ensure critical systems and data can be restored after disruption. | E10: Backups and periodic disaster-recovery exercises are used to validate restoration of critical brokerage systems and data. | F10: Corrective | G10: IT-Dependent Manual | H10: Semiannual | I10: Business Continuity / Technology | J10: Review the latest disaster-recovery test and confirm systems/data were restored within expected recovery targets. | K10: DR plan; backup logs; test results; recovery times | L10: Partially Effective | M10: =_xlfn.XLOOKUP(B10,'Risk Register'!$A:$A,'Risk Register'!$L:$L,"Not Found") -> Disaster-recovery testing is performed inconsistently and does not fully validate the recovery of critical brokerage processes, customer data, and dependencies on third-party service providers.
A11: C-010 | B11: R-010 | C11: =_xlfn.XLOOKUP(B11,'Risk Register'!$A:$A,'Risk Register'!$B:$B,"Not Found") -> Trade Processing & Operations | D11: Detect and resolve differences between internal and external transaction records. | E11: Daily reconciliation compares internal transaction records with external records and generates exceptions for review. | F11: Detective | G11: IT-Dependent Manual | H11: Daily | I11: Brokerage Operations / Finance Operations | J11: Review daily reconciliation reports and follow selected mismatches until they were investigated and resolved. | K11: Reconciliation reports; exception logs; aging reports; review signoffs | L11: Partially Effective | M11: =_xlfn.XLOOKUP(B11,'Risk Register'!$A:$A,'Risk Register'!$L:$L,"Not Found") -> Certain reconciliation exceptions may remain unresolved beyond established review periods, and escalation requirements for aging exceptions are not consistently documented.
A12: C-011 | B12: R-011 | C12: =_xlfn.XLOOKUP(B12,'Risk Register'!$A:$A,'Risk Register'!$B:$B,"Not Found") -> Vulnerability & Patch Management | D12: Identify and remediate security vulnerabilities within established timelines. | E12: Automated vulnerability scanning identifies weaknesses and tracks remediation based on severity. | F12: Detective | G12: Automated | H12: Weekly | I12: Information Security / Technology Operations | J12: Review a sample of High/Critical vulnerabilities and confirm they were fixed within required timelines. | K12: Vulnerability reports; remediation tickets; SLA rules; risk-acceptance records | L12: Partially Effective | M12: =_xlfn.XLOOKUP(B12,'Risk Register'!$A:$A,'Risk Register'!$L:$L,"Not Found") -> Establish formal escalation procedures for overdue high-risk vulnerabilities, require documented remediation or approved risk acceptance, and provide management with periodic reporting on outstanding vulnerabilities.
A13: C-012 | B13: R-012 | C13: =_xlfn.XLOOKUP(B13,'Risk Register'!$A:$A,'Risk Register'!$B:$B,"Not Found") -> Market Data & Customer Experience | D13: Detect delayed or stale customer-facing market data. | E13: Automated monitoring identifies delayed market-data feeds and generates alerts when freshness thresholds are exceeded. | F13: Detective | G13: Automated | H13: Continuous | I13: Market Data Operations / Technology | J13: Review market-data monitoring settings and sample stale-data events to confirm alerts were generated. | K13: Monitoring settings; alert logs; incident records | L13: Partially Effective | M13: =_xlfn.XLOOKUP(B13,'Risk Register'!$A:$A,'Risk Register'!$L:$L,"Not Found") -> Customer-facing applications do not consistently display a clear warning when market-data updates are temporarily delayed.

Sheet Reference
A1: Risk Domains | C1: Likelihood/Impact Score | D1: Meaning | F1: Risk Rating | G1: Count | H1: Risk Rating | I1: Inherent Score Range | L1: Term / Technique | M1: Topics | P1: Key Term | Q1: Definition | S1: Key Term | T1: Definition | W1: Risk Register | X1: Risk & Control Matrix
A2: Identity & Access Management | C2: 1 | D2: Very Low | F2: Critical | G2: =COUNTIF('Risk Register'!$J:$J,F2) -> 2 | H2: Low | I2: 1-4 | L2: Risk & Controls | M2: Inherent Risk, Control, Control Objective, Control Gap, Preventive/Detective/Corrective, RBAC, Least Privilege, SoD | P2: RTO | Q2: Maximum targeted time to restore a system after disruption | S2: Automated Control | T2: A control performed automatically by a system without requiring a person to carry it out each time. | W2: A list of identified risks showing what could go wrong, why it could happen, how serious it is, existing controls, control gaps, recommendations, and risk owners. It answers: “What are our risks and how important are they?” | X2: A detailed mapping of each risk to the control designed to address it, including control type, frequency, owner, audit procedure, evidence, and design assessment. It answers: “What control addresses this risk, and how would we test it?”
A3: Transaction & Fraud Controls | C3: 2 | D3: Low | F3: High | G3: =COUNTIF('Risk Register'!$J:$J,F3) -> 8 | H3: Moderate | I3: 5-9 | L3: Audit & Evidence | M3: Audit Procedure, Audit Evidence, Sampling, Design Effectiveness, Operating Effectiveness, Access Review | P3: RPO | Q3: Maximum acceptable amount of data loss measured in time | S3: Manual Control | T3: A control performed directly by a person, such as reviewing or approving a report. | W3: Identify and rate the risk. | X3: Map and test the control.
A4: Logging & Monitoring | C4: 3 | D4: Moderate | F4: Moderate | G4: =COUNTIF('Risk Register'!$J:$J,F4) -> 1 | H4: High | I4: 10-16 | L4: Technology & Resilience | M4: MFA, SIEM, Encryption, RTO, RPO, Change Management, Vulnerability Remediation | P4: RBAC | Q4: Role-Based Access Control. Access is assigned based on a person's job role rather than individually giving every employee permissions. | S4: IT-Dependent Manual Control | T4: A control performed by a person using information or reports generated by a system.
A5: Trade Processing & Operations | C5: 4 | D5: High | F5: Low | G5: =COUNTIF('Risk Register'!$J:$J,F5) -> 1 | H5: Critical | I5: 17-25 | L5: Financial / Operational | M5: Reconciliation, Exception, Exception Aging, Vendor Due Diligence, SLA, SOC Report | P5: Least Privilege | Q5: Users receive only the minimum access needed to perform their job responsibilities. | S5: Sampling | T5: Testing a smaller selection of transactions, users, or events instead of examining the entire population.
A6: Data Protection & Privacy | C6: 5 | D6: Very High | L6: Excel Techniques | M6: COUNTIF, COUNTIFS, XLOOKUP, Data Validation, Conditional Formatting, PivotTable, Relative/Absolute References | P6: Segregation of Duties (SoD) | Q6: Separates important responsibilities so one person cannot control an entire sensitive process from beginning to end. | S6: Data Masking | T6: Hiding part of sensitive information so users only see what they need for their job.
A7: Change Management | P7: MFA | Q7: Multi-Factor Authentication. Requires more than one form of verification before granting access. | S7: Exception Aging | T7: Tracking how long an unresolved exception has remained open.
A8: Third-Party Risk | P8: Step-Up Authentication | Q8: Requires additional identity verification when a user performs a higher-risk action, such as changing a bank account or requesting a large withdrawal. | S8: Rollback Plan | T8: A documented method for returning a system to its previous version if a change causes problems.
A9: Business Continuity & Resilience | P9: PII | Q9: Personally Identifiable Information. Information that can identify a person, such as name, SSN, address, or date of birth. | S9: Vulnerability Remediation | T9: The process of fixing or reducing identified security weaknesses.
A10: Vulnerability & Patch Management | P10: Encryption at Rest | Q10: Protects data while it is stored in databases, files, backups, or other storage systems. | S10: KYC | T10: Know Your Customer. The process used by financial institutions to verify a customer's identity.
A11: Market Data & Customer Experience | P11: Encryption in Transit | Q11: Protects data while it moves between systems or across networks. | S11: Control Owner | T11: The person or team responsible for making sure a control is maintained and performed properly.
P12: SIEM | Q12: Security Information and Event Management. Centralizes logs from multiple systems and helps detect and investigate suspicious activity. | S12: Inherent Risk | T12: The level of risk that exists before considering the effect of controls.
P13: Audit Trail | Q13: A record showing who performed an action, what they did, and when it occurred. | S13: Control Gap | T13: A weakness or missing element that prevents a control environment from fully addressing a risk.
P14: Preventive Control | Q14: A control designed to stop an unwanted event before it occurs. | S14: Control Objective | T14: The result that a control is intended to achieve.
P15: Detective Control | Q15: A control designed to identify an unwanted event or problem after or while it occurs. | S15: Audit Procedure | T15: The steps an auditor performs to determine whether a control exists and works as intended.
P16: Corrective Control | Q16: A control designed to fix a problem or restore operations after an event occurs. | S16: Audit Evidence | T16: Documents, logs, reports, configurations, or other information used to support an auditor's conclusion.
P17: Reconciliation | Q17: Comparing two sets of records to confirm they match and investigating any differences. | S17: Design Effectiveness | T17: Whether a control is appropriately designed to reduce the identified risk if it operates as intended.
P18: Exception | Q18: A transaction, record, or event that does not match expected results and requires investigation. | S18: Operating Effectiveness | T18: Whether a control actually operated consistently and correctly during the period being reviewed.
P19: SLA | Q19: Service-Level Agreement. Defines expected service levels or required timelines, such as system uptime or vulnerability-remediation deadlines. | S19: Risk Acceptance | T19: A documented decision by management to knowingly accept a risk rather than immediately remediate it.
P20: SOC Report | Q20: An independent assurance report used to evaluate controls at a third-party service provider. | S20: Access Review / Recertification | T20: A periodic review to confirm users still need the access and permissions assigned to them.
P21: Vendor Due Diligence | Q21: Evaluating a third party's security, operations, financial stability, and controls before or during a business relationship. | S21: Change Management | T21: A controlled process for requesting, testing, approving, implementing, and documenting changes to technology systems.

Sheet Risk Summary
A2: Risk Domain | B2: Count of Risk ID | D2: Risk Rating | E2: Count of Risk ID
A3: Business Continuity & Resilience | B3: 1 | D3: Critical | E3: 2
A4: Change Management | B4: 1 | D4: High | E4: 8
A5: Data Protection & Privacy | B5: 1 | D5: Low | E5: 1
A6: Identity & Access Management | B6: 2 | D6: Moderate | E6: 1
A7: Logging & Monitoring | B7: 1 | D7: Grand Total | E7: 12
A8: Market Data & Customer Experience | B8: 1
A9: Third-Party Risk | B9: 1
A10: Trade Processing & Operations | B10: 2
A11: Transaction & Fraud Controls | B11: 1
A12: Vulnerability & Patch Management | B12: 1
A13: Grand Total | B13: 12
D15: Count of Risk ID | E15: Risk Rating
D16: Risk Domain | E16: Critical | F16: High | G16: Low | H16: Moderate | I16: Grand Total
D17: Business Continuity & Resilience | F17: 1 | I17: 1
D18: Change Management | F18: 1 | I18: 1
D19: Data Protection & Privacy | F19: 1 | I19: 1
D20: Identity & Access Management | E20: 1 | F20: 1 | I20: 2
D21: Logging & Monitoring | F21: 1 | I21: 1
D22: Market Data & Customer Experience | G22: 1 | I22: 1
D23: Third-Party Risk | F23: 1 | I23: 1
D24: Trade Processing & Operations | F24: 1 | H24: 1 | I24: 2
D25: Transaction & Fraud Controls | E25: 1 | I25: 1
D26: Vulnerability & Patch Management | F26: 1 | I26: 1
D27: Grand Total | E27: 2 | F27: 8 | G27: 1 | H27: 1 | I27: 12
